OrderID,ProductID,Quantity,Order Date
1,2,4,05-23-2024
2,48,1,12-16-2023
3,30,9,02-19-2024
4,41,6,07-02-2024
5,23,8,10-18-2023
6,29,3,07-17-2024
7,48,1,11-17-2023
8,40,1,04-06-2024
9,31,5,05-22-2024
10,13,8,08-15-2024
11,41,6,05-18-2024
12,23,3,04-30-2024
13,11,10,02-21-2024
14,22,4,08-15-2024
15,12,9,08-10-2024
16,40,10,10-19-2023
17,43,9,04-30-2024
18,29,9,04-08-2024
19,29,7,04-22-2024
20,8,4,03-13-2024
21,9,3,11-23-2023
22,41,7,07-11-2024
23,39,2,01-29-2024
24,30,2,12-10-2023
25,31,7,07-08-2024
26,37,8,02-23-2024
27,18,6,08-11-2024
28,33,7,04-20-2024
29,18,8,09-02-2024
30,37,2,08-28-2024
31,50,9,05-23-2024
32,7,1,12-09-2023
33,12,8,12-13-2023
34,37,2,04-25-2024
35,27,7,05-27-2024
36,16,1,06-13-2024
37,10,5,09-22-2024
38,46,2,08-12-2024
39,32,2,07-06-2024
40,30,1,02-03-2024
41,7,1,03-19-2024
42,31,7,06-28-2024
43,13,8,09-03-2024
44,24,3,07-16-2024
45,29,7,06-02-2024
46,2,8,04-25-2024
47,38,2,03-06-2024
48,44,2,09-05-2024
49,45,10,04-05-2024
50,3,6,02-11-2024
